[{"province_name_zh":"\u9999\u6e2f","province_name_en":"Hong Kong","cities":[{"city_name_en":"Hong Kong","city_name_zh":"\u9999\u6e2f"},{"city_name_en":"Location TBD","city_name_zh":"\u5730\u533a\u5f85\u786e\u8ba4"},{"city_name_en":"To Be Determined","city_name_zh":"\u5f85\u660e\u786e"},{"city_name_en":"Unknown","city_name_zh":"\u672a\u77e5"},{"city_name_en":"To Be Confirmed","city_name_zh":"\u5f85\u786e\u8ba4"}]},{"province_name_zh":"\u6fb3\u95e8","province_name_en":"Macau","cities":[{"city_name_en":"Macau","city_name_zh":"\u6fb3\u95e8"},{"city_name_en":"Location TBD","city_name_zh":"\u5730\u533a\u5f85\u786e\u8ba4"},{"city_name_en":"To Be Determined","city_name_zh":"\u5f85\u660e\u786e"},{"city_name_en":"Unknown","city_name_zh":"\u672a\u77e5"},{"city_name_en":"To Be Confirmed","city_name_zh":"\u5f85\u786e\u8ba4"}]},{"province_name_zh":"\u5317\u4eac","province_name_en":"Beijing","cities":[{"city_name_en":"Beijing","city_name_zh":"\u5317\u4eac"},{"city_name_en":"Location TBD","city_name_zh":"\u5730\u533a\u5f85\u786e\u8ba4"},{"city_name_en":"Haidian","city_name_zh":"\u6d77\u6dc0"},{"city_name_en":"Chaoyang","city_name_zh":"\u671d\u9633"},{"city_name_en":"Daxing","city_name_zh":"\u5927\u5174"},{"city_name_en":"Xicheng","city_name_zh":"\u897f\u57ce"},{"city_name_en":"Foreign to Beijing","city_name_zh":"\u5916\u5730\u6765\u4eac"},{"city_name_en":"Fengtai","city_name_zh":"\u4e30\u53f0"},{"city_name_en":"Changping","city_name_zh":"\u660c\u5e73"},{"city_name_en":"Tongzhou","city_name_zh":"\u901a\u5dde"},{"city_name_en":"Shijingshan","city_name_zh":"\u77f3\u666f\u5c71"},{"city_name_en":"Shunyi","city_name_zh":"\u987a\u4e49"},{"city_name_en":"Fangshan","city_name_zh":"\u623f\u5c71"},{"city_name_en":"Mentougou","city_name_zh":"\u95e8\u5934\u6c9f"},{"city_name_en":"Huairou","city_name_zh":"\u6000\u67d4"},{"city_name_en":"Dongcheng","city_name_zh":"\u4e1c\u57ce"},{"city_name_en":"Yanqing","city_name_zh":"\u5ef6\u5e86"},{"city_name_en":"To Be Determined","city_name_zh":"\u5f85\u660e\u786e"},{"city_name_en":"Unknown","city_name_zh":"\u672a\u77e5"},{"city_name_en":"To Be Confirmed","city_name_zh":"\u5f85\u786e\u8ba4"},{"city_name_en":"Miyun","city_name_zh":"\u5bc6\u4e91"}]},{"province_name_zh":"\u91cd\u5e86","province_name_en":"Chongqing","cities":[{"city_name_en":"Chongqing","city_name_zh":"\u91cd\u5e86"},{"city_name_en":"Location TBD","city_name_zh":"\u5730\u533a\u5f85\u786e\u8ba4"},{"city_name_en":"Wanzhou District","city_name_zh":"\u4e07\u5dde\u533a"},{"city_name_en":"Kaizhou District","city_name_zh":"\u5f00\u5dde\u533a"},{"city_name_en":"Yunyang County","city_name_zh":"\u4e91\u9633\u53bf"},{"city_name_en":"Jiangbei District","city_name_zh":"\u6c5f\u5317\u533a"},{"city_name_en":"Zhong County","city_name_zh":"\u5fe0\u53bf"},{"city_name_en":"Jiulongpo District","city_name_zh":"\u4e5d\u9f99\u5761\u533a"},{"city_name_en":"Dianjiang County","city_name_zh":"\u57ab\u6c5f\u53bf"},{"city_name_en":"Yuzhong District","city_name_zh":"\u6e1d\u4e2d\u533a"},{"city_name_en":"Liangjiang New Area","city_name_zh":"\u4e24\u6c5f\u65b0\u533a"},{"city_name_en":"Shizhu County","city_name_zh":"\u77f3\u67f1\u53bf"},{"city_name_en":"Yubei District","city_name_zh":"\u6e1d\u5317\u533a"},{"city_name_en":"Changshou District","city_name_zh":"\u957f\u5bff\u533a"},{"city_name_en":"Wuxi County","city_name_zh":"\u5deb\u6eaa\u53bf"},{"city_name_en":"Qijiang District","city_name_zh":"\u7da6\u6c5f\u533a"},{"city_name_en":"Hechuan District","city_name_zh":"\u5408\u5ddd\u533a"},{"city_name_en":"Fengjie County","city_name_zh":"\u5949\u8282\u53bf"},{"city_name_en":"Bishan District","city_name_zh":"\u74a7\u5c71\u533a"},{"city_name_en":"Rongchang District","city_name_zh":"\u8363\u660c\u533a"},{"city_name_en":"Dazu District","city_name_zh":"\u5927\u8db3\u533a"},{"city_name_en":"Tongliang District","city_name_zh":"\u94dc\u6881\u533a"},{"city_name_en":"Nan'an District","city_name_zh":"\u5357\u5cb8\u533a"},{"city_name_en":"Wushan County","city_name_zh":"\u5deb\u5c71\u53bf"},{"city_name_en":"Dadukou District","city_name_zh":"\u5927\u6e21\u53e3\u533a"},{"city_name_en":"Fengdu County","city_name_zh":"\u4e30\u90fd\u53bf"},{"city_name_en":"Tongnan District","city_name_zh":"\u6f7c\u5357\u533a"},{"city_name_en":"Liangping District","city_name_zh":"\u6881\u5e73\u533a"},{"city_name_en":"Banan District","city_name_zh":"\u5df4\u5357\u533a"},{"city_name_en":"Jiangjin District","city_name_zh":"\u6c5f\u6d25\u533a"},{"city_name_en":"Yongchuan District","city_name_zh":"\u6c38\u5ddd\u533a"},{"city_name_en":"Fuling District","city_name_zh":"\u6daa\u9675\u533a"},{"city_name_en":"Chengkou District","city_name_zh":"\u57ce\u53e3\u53bf"},{"city_name_en":"Qianjiang District","city_name_zh":"\u9ed4\u6c5f\u533a"},{"city_name_en":"Shapingba District","city_name_zh":"\u6c99\u576a\u575d\u533a"},{"city_name_en":"Gaoxin District","city_name_zh":"\u9ad8\u65b0\u533a"},{"city_name_en":"Pengshui County","city_name_zh":"\u5f6d\u6c34\u53bf"},{"city_name_en":"Xiushan County","city_name_zh":"\u79c0\u5c71\u53bf"},{"city_name_en":"Wulong District","city_name_zh":"\u6b66\u9686\u533a"},{"city_name_en":"Qianjiang District","city_name_zh":"\u9ed4\u6c5f\u533a"},{"city_name_en":"Youyang County","city_name_zh":"\u9149\u9633\u53bf"},{"city_name_en":"Wansheng Economic Development Zone","city_name_zh":"\u4e07\u76db\u7ecf\u5f00\u533a"},{"city_name_en":"To Be Determined","city_name_zh":"\u5f85\u660e\u786e"},{"city_name_en":"Unknown","city_name_zh":"\u672a\u77e5"},{"city_name_en":"To Be Confirmed","city_name_zh":"\u5f85\u786e\u8ba4"}]},{"province_name_zh":"\u4e0a\u6d77","province_name_en":"Shanghai","cities":[{"city_name_en":"Shanghai","city_name_zh":"\u4e0a\u6d77"},{"city_name_en":"Location TBD","city_name_zh":"\u5730\u533a\u5f85\u786e\u8ba4"},{"city_name_en":"Foreign to Shanghai","city_name_zh":"\u5916\u5730\u6765\u6caa"},{"city_name_en":"Pudong","city_name_zh":"\u6d66\u4e1c"},{"city_name_en":"Baoshan","city_name_zh":"\u5b9d\u5c71"},{"city_name_en":"Xuhui","city_name_zh":"\u5f90\u6c47"},{"city_name_en":"Jing'an","city_name_zh":"\u9759\u5b89"},{"city_name_en":"Minhang","city_name_zh":"\u95f5\u884c"},{"city_name_en":"Changning","city_name_zh":"\u957f\u5b81"},{"city_name_en":"Songjiang","city_name_zh":"\u677e\u6c5f"},{"city_name_en":"Fengxian","city_name_zh":"\u5949\u8d24"},{"city_name_en":"Putuo","city_name_zh":"\u666e\u9640"},{"city_name_en":"Hongkou","city_name_zh":"\u8679\u53e3"},{"city_name_en":"Huangpu","city_name_zh":"\u9ec4\u6d66"},{"city_name_en":"Yangpu","city_name_zh":"\u6768\u6d66"},{"city_name_en":"Qingpu","city_name_zh":"\u9752\u6d66"},{"city_name_en":"Jiading","city_name_zh":"\u5609\u5b9a"},{"city_name_en":"Jinshan","city_name_zh":"\u91d1\u5c71"},{"city_name_en":"Chongming","city_name_zh":"\u5d07\u660e"},{"city_name_en":"To Be Determined","city_name_zh":"\u5f85\u660e\u786e"},{"city_name_en":"Unknown","city_name_zh":"\u672a\u77e5"},{"city_name_en":"To Be Confirmed","city_name_zh":"\u5f85\u786e\u8ba4"}]},{"province_name_zh":"\u5929\u6d25","province_name_en":"Tianjin","cities":[{"city_name_en":"Tianjin","city_name_zh":"\u5929\u6d25"},{"city_name_en":"Location TBD","city_name_zh":"\u5730\u533a\u5f85\u786e\u8ba4"},{"city_name_en":"Lingshui County","city_name_zh":"\u5b9d\u577b\u533a"},{"city_name_en":"Lingao County","city_name_zh":"\u6cb3\u5317\u533a"},{"city_name_en":"Ding'an County","city_name_zh":"\u6cb3\u4e1c\u533a"},{"city_name_en":"Changjiang County","city_name_zh":"\u548c\u5e73\u533a"},{"city_name_en":"Foreign to Tianjin","city_name_zh":"\u5916\u5730\u6765\u6d25"},{"city_name_en":"Qiongzhong County","city_name_zh":"\u6cb3\u897f\u533a"},{"city_name_en":"Ledong County","city_name_zh":"\u5b81\u6cb3\u533a"},{"city_name_en":"Qiongzhong County","city_name_zh":"\u5357\u5f00\u533a"},{"city_name_en":"Ledong County","city_name_zh":"\u897f\u9752\u533a"},{"city_name_en":"Qiongzhong County","city_name_zh":"\u4e1c\u4e3d\u533a"},{"city_name_en":"Ledong County","city_name_zh":"\u7ea2\u6865\u533a"},{"city_name_en":"Ledong County","city_name_zh":"\u6ee8\u6d77\u65b0\u533a"},{"city_name_en":"Ledong County","city_name_zh":"\u6d25\u5357\u533a"},{"city_name_en":"Beichen District","city_name_zh":"\u5317\u8fb0\u533a"},{"city_name_en":"To Be Determined","city_name_zh":"\u5f85\u660e\u786e"},{"city_name_en":"Unknown","city_name_zh":"\u672a\u77e5"},{"city_name_en":"To Be Confirmed","city_name_zh":"\u5f85\u786e\u8ba4"},{"city_name_en":"Wuqing District","city_name_zh":"\u6b66\u6e05\u533a"}]},{"province_name_zh":"\u5b89\u5fbd","province_name_en":"Anhui","cities":[{"city_name_en":"Anqing","city_name_zh":"\u5b89\u5e86"},{"city_name_en":"Bengbu","city_name_zh":"\u868c\u57e0"},{"city_name_en":"Bozhou","city_name_zh":"\u4eb3\u5dde"},{"city_name_en":"Chaohu","city_name_zh":"\u5de2\u6e56"},{"city_name_en":"Chizhou","city_name_zh":"\u6c60\u5dde"},{"city_name_en":"Chuzhou","city_name_zh":"\u6ec1\u5dde"},{"city_name_en":"Fuyang","city_name_zh":"\u961c\u9633"},{"city_name_en":"Hefei","city_name_zh":"\u5408\u80a5"},{"city_name_en":"Huaibei","city_name_zh":"\u6dee\u5317"},{"city_name_en":"Huainan","city_name_zh":"\u6dee\u5357"},{"city_name_en":"Huangshan","city_name_zh":"\u9ec4\u5c71"},{"city_name_en":"Jieshou","city_name_zh":"\u754c\u9996"},{"city_name_en":"Lu'an","city_name_zh":"\u516d\u5b89"},{"city_name_en":"Ma'anshan","city_name_zh":"\u9a6c\u978d\u5c71"},{"city_name_en":"Mingguang","city_name_zh":"\u660e\u5149"},{"city_name_en":"Ningguo","city_name_zh":"\u5b81\u56fd"},{"city_name_en":"Suzhou","city_name_zh":"\u5bbf\u5dde"},{"city_name_en":"Tianchang","city_name_zh":"\u5929\u957f"},{"city_name_en":"Tongcheng","city_name_zh":"\u6850\u57ce"},{"city_name_en":"Tongling","city_name_zh":"\u94dc\u9675"},{"city_name_en":"Wuhu","city_name_zh":"\u829c\u6e56"},{"city_name_en":"Xuancheng","city_name_zh":"\u5ba3\u57ce"},{"city_name_en":"Location TBD","city_name_zh":"\u5730\u533a\u5f85\u786e\u8ba4"},{"city_name_en":"To Be Determined","city_name_zh":"\u5f85\u660e\u786e"},{"city_name_en":"Unknown","city_name_zh":"\u672a\u77e5"},{"city_name_en":"Anhui","city_name_zh":"\u5b89\u5fbd"},{"city_name_en":"To Be Confirmed","city_name_zh":"\u5f85\u786e\u8ba4"}]},{"province_name_zh":"\u798f\u5efa","province_name_en":"Fujian","cities":[{"city_name_en":"Fu'an","city_name_zh":"\u798f\u5b89"},{"city_name_en":"Fuding","city_name_zh":"\u798f\u9f0e"},{"city_name_en":"Fuqing","city_name_zh":"\u798f\u6e05"},{"city_name_en":"Fuzhou","city_name_zh":"\u798f\u5dde"},{"city_name_en":"Jian'ou","city_name_zh":"\u5efa\u74ef"},{"city_name_en":"Jinjiang","city_name_zh":"\u664b\u6c5f"},{"city_name_en":"Longhai","city_name_zh":"\u9f99\u6d77"},{"city_name_en":"Longyan","city_name_zh":"\u9f99\u5ca9"},{"city_name_en":"Nan'an","city_name_zh":"\u5357\u5b89"},{"city_name_en":"Nanping","city_name_zh":"\u5357\u5e73"},{"city_name_en":"Ningde","city_name_zh":"\u5b81\u5fb7"},{"city_name_en":"Putian","city_name_zh":"\u8386\u7530"},{"city_name_en":"Quanzhou","city_name_zh":"\u6cc9\u5dde"},{"city_name_en":"Sanming","city_name_zh":"\u4e09\u660e"},{"city_name_en":"Shaowu","city_name_zh":"\u90b5\u6b66"},{"city_name_en":"Shishi","city_name_zh":"\u77f3\u72ee"},{"city_name_en":"Wuyishan","city_name_zh":"\u6b66\u5937\u5c71"},{"city_name_en":"Xiamen","city_name_zh":"\u53a6\u95e8"},{"city_name_en":"Yong'an","city_name_zh":"\u6c38\u5b89"},{"city_name_en":"Zhangping","city_name_zh":"\u6f33\u5e73"},{"city_name_en":"Zhangzhou","city_name_zh":"\u6f33\u5dde"},{"city_name_en":"Location TBD","city_name_zh":"\u5730\u533a\u5f85\u786e\u8ba4"},{"city_name_en":"To Be Determined","city_name_zh":"\u5f85\u660e\u786e"},{"city_name_en":"Unknown","city_name_zh":"\u672a\u77e5"},{"city_name_en":"Fujian","city_name_zh":"\u798f\u5efa"},{"city_name_en":"To Be Confirmed","city_name_zh":"\u5f85\u786e\u8ba4"}]},{"province_name_zh":"\u7518\u8083","province_name_en":"Gansu","cities":[{"city_name_en":"Baiyin","city_name_zh":"\u767d\u94f6"},{"city_name_en":"Dingxi","city_name_zh":"\u5b9a\u897f"},{"city_name_en":"Dunhuang","city_name_zh":"\u6566\u714c"},{"city_name_en":"Hezuo","city_name_zh":"\u5408\u4f5c"},{"city_name_en":"Jiayuguan","city_name_zh":"\u5609\u5cea\u5173"},{"city_name_en":"Jinchang","city_name_zh":"\u91d1\u660c"},{"city_name_en":"Jiuquan","city_name_zh":"\u9152\u6cc9"},{"city_name_en":"Lanzhou","city_name_zh":"\u5170\u5dde"},{"city_name_en":"Linxia","city_name_zh":"\u4e34\u590f"},{"city_name_en":"Longnan","city_name_zh":"\u9647\u5357"},{"city_name_en":"Pingliang","city_name_zh":"\u5e73\u51c9"},{"city_name_en":"Qingyang","city_name_zh":"\u5e86\u9633"},{"city_name_en":"Tianshui","city_name_zh":"\u5929\u6c34"},{"city_name_en":"Wuwei","city_name_zh":"\u6b66\u5a01"},{"city_name_en":"Yumen","city_name_zh":"\u7389\u95e8"},{"city_name_en":"Zhangye","city_name_zh":"\u5f20\u6396"},{"city_name_en":"Location TBD","city_name_zh":"\u5730\u533a\u5f85\u786e\u8ba4"},{"city_name_en":"Gannan Prefecture","city_name_zh":"\u7518\u5357\u5dde"},{"city_name_en":"To Be Determined","city_name_zh":"\u5f85\u660e\u786e"},{"city_name_en":"Unknown","city_name_zh":"\u672a\u77e5"},{"city_name_en":"Gansu","city_name_zh":"\u7518\u8083"},{"city_name_en":"Gannan Prefecture","city_name_zh":"\u7518\u5357"},{"city_name_en":"To Be Confirmed","city_name_zh":"\u5f85\u786e\u8ba4"}]},{"province_name_zh":"\u5e7f\u4e1c","province_name_en":"Guangdong","cities":[{"city_name_en":"Chaozhou","city_name_zh":"\u6f6e\u5dde"},{"city_name_en":"Dongguan","city_name_zh":"\u4e1c\u839e"},{"city_name_en":"Enping","city_name_zh":"\u6069\u5e73"},{"city_name_en":"Foshan","city_name_zh":"\u4f5b\u5c71"},{"city_name_en":"Gaozhou","city_name_zh":"\u9ad8\u5dde"},{"city_name_en":"Guangzhou","city_name_zh":"\u5e7f\u5dde"},{"city_name_en":"Heshan","city_name_zh":"\u9e64\u5c71"},{"city_name_en":"Heyuan","city_name_zh":"\u6cb3\u6e90"},{"city_name_en":"Huazhou","city_name_zh":"\u5316\u5dde"},{"city_name_en":"Huizhou","city_name_zh":"\u60e0\u5dde"},{"city_name_en":"Jiangmen","city_name_zh":"\u6c5f\u95e8"},{"city_name_en":"Jieyang","city_name_zh":"\u63ed\u9633"},{"city_name_en":"Kaiping","city_name_zh":"\u5f00\u5e73"},{"city_name_en":"Lechang","city_name_zh":"\u4e50\u660c"},{"city_name_en":"Leizhou","city_name_zh":"\u96f7\u5dde"},{"city_name_en":"Lianjiang","city_name_zh":"\u5ec9\u6c5f"},{"city_name_en":"Lianzhou","city_name_zh":"\u8fde\u5dde"},{"city_name_en":"Lufeng","city_name_zh":"\u9646\u4e30"},{"city_name_en":"Luoding","city_name_zh":"\u7f57\u5b9a"},{"city_name_en":"Maoming","city_name_zh":"\u8302\u540d"},{"city_name_en":"Meizhou","city_name_zh":"\u6885\u5dde"},{"city_name_en":"Nanxiong","city_name_zh":"\u5357\u96c4"},{"city_name_en":"Puning","city_name_zh":"\u666e\u5b81"},{"city_name_en":"Qingyuan","city_name_zh":"\u6e05\u8fdc"},{"city_name_en":"Shantou","city_name_zh":"\u6c55\u5934"},{"city_name_en":"Shanwei","city_name_zh":"\u6c55\u5c3e"},{"city_name_en":"Shaoguan","city_name_zh":"\u97f6\u5173"},{"city_name_en":"Shenzhen","city_name_zh":"\u6df1\u5733"},{"city_name_en":"Sihui","city_name_zh":"\u56db\u4f1a"},{"city_name_en":"Taishan","city_name_zh":"\u53f0\u5c71"},{"city_name_en":"Wuchuan","city_name_zh":"\u5434\u5ddd"},{"city_name_en":"Xingning","city_name_zh":"\u5174\u5b81"},{"city_name_en":"Xinyi","city_name_zh":"\u4fe1\u5b9c"},{"city_name_en":"Yangchun","city_name_zh":"\u9633\u6625"},{"city_name_en":"Yangjiang","city_name_zh":"\u9633\u6c5f"},{"city_name_en":"Yingde","city_name_zh":"\u82f1\u5fb7"},{"city_name_en":"Yunfu","city_name_zh":"\u4e91\u6d6e"},{"city_name_en":"Zhanjiang","city_name_zh":"\u6e5b\u6c5f"},{"city_name_en":"Zhaoqing","city_name_zh":"\u8087\u5e86"},{"city_name_en":"Zhongshan","city_name_zh":"\u4e2d\u5c71"},{"city_name_en":"Zhuhai","city_name_zh":"\u73e0\u6d77"},{"city_name_en":"Location TBD","city_name_zh":"\u5730\u533a\u5f85\u786e\u8ba4"},{"city_name_en":"To Be Determined","city_name_zh":"\u5f85\u660e\u786e"},{"city_name_en":"Unknown","city_name_zh":"\u672a\u77e5"},{"city_name_en":"Guangdong","city_name_zh":"\u5e7f\u4e1c"},{"city_name_en":"To Be Confirmed","city_name_zh":"\u5f85\u786e\u8ba4"}]},{"province_name_zh":"\u5e7f\u897f","province_name_en":"Guangxi","cities":[{"city_name_en":"Baise","city_name_zh":"\u767e\u8272"},{"city_name_en":"Beihai","city_name_zh":"\u5317\u6d77"},{"city_name_en":"Beiliu","city_name_zh":"\u5317\u6d41"},{"city_name_en":"Cenxi","city_name_zh":"\u5c91\u6eaa"},{"city_name_en":"Chongzuo","city_name_zh":"\u5d07\u5de6"},{"city_name_en":"Dongxing","city_name_zh":"\u4e1c\u5174"},{"city_name_en":"Fangchenggang","city_name_zh":"\u9632\u57ce\u6e2f"},{"city_name_en":"Guigang","city_name_zh":"\u8d35\u6e2f"},{"city_name_en":"Guilin","city_name_zh":"\u6842\u6797"},{"city_name_en":"Guiping","city_name_zh":"\u6842\u5e73"},{"city_name_en":"Hechi","city_name_zh":"\u6cb3\u6c60"},{"city_name_en":"Heshan","city_name_zh":"\u5408\u5c71"},{"city_name_en":"Hezhou","city_name_zh":"\u8d3a\u5dde"},{"city_name_en":"Jingxi","city_name_zh":"\u9756\u897f"},{"city_name_en":"Laibin","city_name_zh":"\u6765\u5bbe"},{"city_name_en":"Liuzhou","city_name_zh":"\u67f3\u5dde"},{"city_name_en":"Nanning","city_name_zh":"\u5357\u5b81"},{"city_name_en":"Pingxiang","city_name_zh":"\u51ed\u7965"},{"city_name_en":"Qinzhou","city_name_zh":"\u94a6\u5dde"},{"city_name_en":"Wuzhou","city_name_zh":"\u68a7\u5dde"},{"city_name_en":"Yulin","city_name_zh":"\u7389\u6797"},{"city_name_en":"Location TBD","city_name_zh":"\u5730\u533a\u5f85\u786e\u8ba4"},{"city_name_en":"To Be Determined","city_name_zh":"\u5f85\u660e\u786e"},{"city_name_en":"Unknown","city_name_zh":"\u672a\u77e5"},{"city_name_en":"Guangxi","city_name_zh":"\u5e7f\u897f"},{"city_name_en":"To Be Confirmed","city_name_zh":"\u5f85\u786e\u8ba4"}]},{"province_name_zh":"\u8d35\u5dde","province_name_en":"Guizhou","cities":[{"city_name_en":"Anshun","city_name_zh":"\u5b89\u987a"},{"city_name_en":"Bijie","city_name_zh":"\u6bd5\u8282"},{"city_name_en":"Chishui","city_name_zh":"\u8d64\u6c34"},{"city_name_en":"Duyun","city_name_zh":"\u90fd\u5300"},{"city_name_en":"Fuquan","city_name_zh":"\u798f\u6cc9"},{"city_name_en":"Guiyang","city_name_zh":"\u8d35\u9633"},{"city_name_en":"Kaili","city_name_zh":"\u51ef\u91cc"},{"city_name_en":"Liupanshui","city_name_zh":"\u516d\u76d8\u6c34"},{"city_name_en":"Panzhou","city_name_zh":"\u76d8\u5dde"},{"city_name_en":"Qingzhen","city_name_zh":"\u6e05\u9547"},{"city_name_en":"Renhuai","city_name_zh":"\u4ec1\u6000"},{"city_name_en":"Tongren","city_name_zh":"\u94dc\u4ec1"},{"city_name_en":"Xingyi","city_name_zh":"\u5174\u4e49"},{"city_name_en":"Zunyi","city_name_zh":"\u9075\u4e49"},{"city_name_en":"Location TBD","city_name_zh":"\u5730\u533a\u5f85\u786e\u8ba4"},{"city_name_en":"Qiannan Prefecture","city_name_zh":"\u9ed4\u5357\u5dde"},{"city_name_en":"Qiandongnan Prefecture","city_name_zh":"\u9ed4\u4e1c\u5357\u5dde"},{"city_name_en":"Qianxinan Prefecture","city_name_zh":"\u9ed4\u897f\u5357\u5dde"},{"city_name_en":"Qiannan Prefecture","city_name_zh":"\u9ed4\u5357"},{"city_name_en":"To Be Determined","city_name_zh":"\u5f85\u660e\u786e"},{"city_name_en":"Unknown","city_name_zh":"\u672a\u77e5"},{"city_name_en":"Guizhou","city_name_zh":"\u8d35\u5dde"},{"city_name_en":"Qiandongnan Prefecture","city_name_zh":"\u9ed4\u4e1c\u5357"},{"city_name_en":"Qianxinan Prefecture","city_name_zh":"\u9ed4\u897f\u5357"},{"city_name_en":"To Be Confirmed","city_name_zh":"\u5f85\u786e\u8ba4"}]},{"province_name_zh":"\u6d77\u5357","province_name_en":"Hainan","cities":[{"city_name_en":"Danzhou","city_name_zh":"\u510b\u5dde"},{"city_name_en":"Dongfang","city_name_zh":"\u4e1c\u65b9"},{"city_name_en":"Haikou","city_name_zh":"\u6d77\u53e3"},{"city_name_en":"Qionghai","city_name_zh":"\u743c\u6d77"},{"city_name_en":"Sansha","city_name_zh":"\u4e09\u6c99"},{"city_name_en":"Sanya","city_name_zh":"\u4e09\u4e9a"},{"city_name_en":"Wanning","city_name_zh":"\u4e07\u5b81"},{"city_name_en":"Wenchang","city_name_zh":"\u6587\u660c"},{"city_name_en":"Wuzhishan","city_name_zh":"\u4e94\u6307\u5c71"},{"city_name_en":"Location TBD","city_name_zh":"\u5730\u533a\u5f85\u786e\u8ba4"},{"city_name_en":"Lingshui County","city_name_zh":"\u9675\u6c34\u53bf"},{"city_name_en":"Lingao County","city_name_zh":"\u4e34\u9ad8\u53bf"},{"city_name_en":"Ding'an County","city_name_zh":"\u5b9a\u5b89\u53bf"},{"city_name_en":"Changjiang County","city_name_zh":"\u660c\u6c5f\u53bf"},{"city_name_en":"Chengmai County","city_name_zh":"\u6f84\u8fc8\u53bf"},{"city_name_en":"Qiongzhong County","city_name_zh":"\u743c\u4e2d\u53bf"},{"city_name_en":"Ledong County","city_name_zh":"\u4e50\u4e1c"},{"city_name_en":"Changjiang County","city_name_zh":"\u660c\u6c5f"},{"city_name_en":"Baoting County","city_name_zh":"\u4fdd\u4ead\u53bf"},{"city_name_en":"To Be Determined","city_name_zh":"\u5f85\u660e\u786e"},{"city_name_en":"Unknown","city_name_zh":"\u672a\u77e5"},{"city_name_en":"Hainan","city_name_zh":"\u6d77\u5357"},{"city_name_en":"Chengmai","city_name_zh":"\u6f84\u8fc8"},{"city_name_en":"Lingao","city_name_zh":"\u4e34\u9ad8"},{"city_name_en":"Lingshui","city_name_zh":"\u9675\u6c34"},{"city_name_en":"Ding'an","city_name_zh":"\u5b9a\u5b89"},{"city_name_en":"Baoting","city_name_zh":"\u4fdd\u4ead"},{"city_name_en":"Qiongzhong","city_name_zh":"\u743c\u4e2d"},{"city_name_en":"To Be Confirmed","city_name_zh":"\u5f85\u786e\u8ba4"}]},{"province_name_zh":"\u6cb3\u5317","province_name_en":"Hebei","cities":[{"city_name_en":"Anguo","city_name_zh":"\u5b89\u56fd"},{"city_name_en":"Baoding","city_name_zh":"\u4fdd\u5b9a"},{"city_name_en":"Bazhou","city_name_zh":"\u9738\u5dde"},{"city_name_en":"Botou","city_name_zh":"\u6cca\u5934"},{"city_name_en":"Cangzhou","city_name_zh":"\u6ca7\u5dde"},{"city_name_en":"Chengde","city_name_zh":"\u627f\u5fb7"},{"city_name_en":"Dingzhou","city_name_zh":"\u5b9a\u5dde"},{"city_name_en":"Gaobeidian","city_name_zh":"\u9ad8\u7891\u5e97"},{"city_name_en":"Handan","city_name_zh":"\u90af\u90f8"},{"city_name_en":"Hengshui","city_name_zh":"\u8861\u6c34"},{"city_name_en":"Hejian","city_name_zh":"\u6cb3\u95f4"},{"city_name_en":"Huanghua","city_name_zh":"\u9ec4\u9a85"},{"city_name_en":"Jinzhou","city_name_zh":"\u664b\u5dde"},{"city_name_en":"Langfang","city_name_zh":"\u5eca\u574a"},{"city_name_en":"Nangong","city_name_zh":"\u5357\u5bab"},{"city_name_en":"Pingquan","city_name_zh":"\u5e73\u6cc9"},{"city_name_en":"Qian'an","city_name_zh":"\u8fc1\u5b89"},{"city_name_en":"Qinhuangdao","city_name_zh":"\u79e6\u7687\u5c9b"},{"city_name_en":"Renqiu","city_name_zh":"\u4efb\u4e18"},{"city_name_en":"Sanhe","city_name_zh":"\u4e09\u6cb3"},{"city_name_en":"Shahe","city_name_zh":"\u6c99\u6cb3"},{"city_name_en":"Shenzhou","city_name_zh":"\u6df1\u5dde"},{"city_name_en":"Shijiazhuang","city_name_zh":"\u77f3\u5bb6\u5e84"},{"city_name_en":"Tangshan","city_name_zh":"\u5510\u5c71"},{"city_name_en":"Xinji","city_name_zh":"\u8f9b\u96c6"},{"city_name_en":"Wu'an","city_name_zh":"\u6b66\u5b89"},{"city_name_en":"Xingtai","city_name_zh":"\u90a2\u53f0"},{"city_name_en":"Xinle","city_name_zh":"\u65b0\u4e50"},{"city_name_en":"Zhangjiakou","city_name_zh":"\u5f20\u5bb6\u53e3"},{"city_name_en":"Zhuozhou","city_name_zh":"\u6dbf\u5dde"},{"city_name_en":"Zunhua","city_name_zh":"\u9075\u5316"},{"city_name_en":"Location TBD","city_name_zh":"\u5730\u533a\u5f85\u786e\u8ba4"},{"city_name_en":"To Be Determined","city_name_zh":"\u5f85\u660e\u786e"},{"city_name_en":"Unknown","city_name_zh":"\u672a\u77e5"},{"city_name_en":"Hebei","city_name_zh":"\u6cb3\u5317"},{"city_name_en":"To Be Confirmed","city_name_zh":"\u5f85\u786e\u8ba4"}]},{"province_name_zh":"\u9ed1\u9f99\u6c5f","province_name_en":"Heilongjiang","cities":[{"city_name_en":"Anda","city_name_zh":"\u5b89\u8fbe"},{"city_name_en":"Bei'an","city_name_zh":"\u5317\u5b89"},{"city_name_en":"Daqing","city_name_zh":"\u5927\u5e86"},{"city_name_en":"Dongning","city_name_zh":"\u4e1c\u5b81"},{"city_name_en":"Fujin","city_name_zh":"\u5bcc\u9526"},{"city_name_en":"Fuyuan","city_name_zh":"\u629a\u8fdc"},{"city_name_en":"Hailin","city_name_zh":"\u6d77\u6797"},{"city_name_en":"Hailun","city_name_zh":"\u6d77\u4f26"},{"city_name_en":"Harbin","city_name_zh":"\u54c8\u5c14\u6ee8"},{"city_name_en":"Hegang","city_name_zh":"\u9e64\u5c97"},{"city_name_en":"Heihe","city_name_zh":"\u9ed1\u6cb3"},{"city_name_en":"Hulin","city_name_zh":"\u864e\u6797"},{"city_name_en":"Jiamusi","city_name_zh":"\u4f73\u6728\u65af"},{"city_name_en":"Jixi","city_name_zh":"\u9e21\u897f"},{"city_name_en":"Mishan","city_name_zh":"\u5bc6\u5c71"},{"city_name_en":"Mudanjiang","city_name_zh":"\u7261\u4e39\u6c5f"},{"city_name_en":"Muling","city_name_zh":"\u7a46\u68f1"},{"city_name_en":"Nehe","city_name_zh":"\u8bb7\u6cb3"},{"city_name_en":"Ning'an","city_name_zh":"\u5b81\u5b89"},{"city_name_en":"Qiqihar","city_name_zh":"\u9f50\u9f50\u54c8\u5c14"},{"city_name_en":"Qitaihe","city_name_zh":"\u4e03\u53f0\u6cb3"},{"city_name_en":"Shangzhi","city_name_zh":"\u5c1a\u5fd7"},{"city_name_en":"Shuangyashan","city_name_zh":"\u53cc\u9e2d\u5c71"},{"city_name_en":"Suifenhe","city_name_zh":"\u7ee5\u82ac\u6cb3"},{"city_name_en":"Suihua","city_name_zh":"\u7ee5\u5316"},{"city_name_en":"Tieli","city_name_zh":"\u94c1\u529b"},{"city_name_en":"Tongjiang","city_name_zh":"\u540c\u6c5f"},{"city_name_en":"Wuchang","city_name_zh":"\u4e94\u5e38"},{"city_name_en":"Wudalianchi","city_name_zh":"\u4e94\u5927\u8fde\u6c60"},{"city_name_en":"Yichun","city_name_zh":"\u4f0a\u6625"},{"city_name_en":"Zhaodong","city_name_zh":"\u8087\u4e1c"},{"city_name_en":"Location TBD","city_name_zh":"\u5730\u533a\u5f85\u786e\u8ba4"},{"city_name_en":"Daxing'anling","city_name_zh":"\u5927\u5174\u5b89\u5cad"},{"city_name_en":"To Be Determined","city_name_zh":"\u5f85\u660e\u786e"},{"city_name_en":"Unknown","city_name_zh":"\u672a\u77e5"},{"city_name_en":"Heilongjiang","city_name_zh":"\u9ed1\u9f99\u6c5f"},{"city_name_en":"To Be Confirmed","city_name_zh":"\u5f85\u786e\u8ba4"}]},{"province_name_zh":"\u6cb3\u5357","province_name_en":"Henan","cities":[{"city_name_en":"Anyang","city_name_zh":"\u5b89\u9633"},{"city_name_en":"Changge","city_name_zh":"\u957f\u845b"},{"city_name_en":"Dengfeng","city_name_zh":"\u767b\u5c01"},{"city_name_en":"Dengzhou","city_name_zh":"\u9093\u5dde"},{"city_name_en":"Gongyi","city_name_zh":"\u5de9\u4e49"},{"city_name_en":"Hebi","city_name_zh":"\u9e64\u58c1"},{"city_name_en":"Huixian","city_name_zh":"\u8f89\u53bf"},{"city_name_en":"Jiaozuo","city_name_zh":"\u7126\u4f5c"},{"city_name_en":"Jiyuan","city_name_zh":"\u6d4e\u6e90"},{"city_name_en":"Kaifeng","city_name_zh":"\u5f00\u5c01"},{"city_name_en":"Lingbao","city_name_zh":"\u7075\u5b9d"},{"city_name_en":"Linzhou","city_name_zh":"\u6797\u5dde"},{"city_name_en":"Luohe","city_name_zh":"\u6f2f\u6cb3"},{"city_name_en":"Luoyang","city_name_zh":"\u6d1b\u9633"},{"city_name_en":"Mengzhou","city_name_zh":"\u5b5f\u5dde"},{"city_name_en":"Nanyang","city_name_zh":"\u5357\u9633"},{"city_name_en":"Pingdingshan","city_name_zh":"\u5e73\u9876\u5c71"},{"city_name_en":"Puyang","city_name_zh":"\u6fee\u9633"},{"city_name_en":"Qinyang","city_name_zh":"\u6c81\u9633"},{"city_name_en":"Ruzhou","city_name_zh":"\u6c5d\u5dde"},{"city_name_en":"Sanmenxia","city_name_zh":"\u4e09\u95e8\u5ce1"},{"city_name_en":"Shangqiu","city_name_zh":"\u5546\u4e18"},{"city_name_en":"Weihui","city_name_zh":"\u536b\u8f89"},{"city_name_en":"Wugang","city_name_zh":"\u821e\u94a2"},{"city_name_en":"Xiangcheng","city_name_zh":"\u9879\u57ce"},{"city_name_en":"Xingyang","city_name_zh":"\u8365\u9633"},{"city_name_en":"Xinmi","city_name_zh":"\u65b0\u5bc6"},{"city_name_en":"Xinxiang","city_name_zh":"\u65b0\u4e61"},{"city_name_en":"Xinyang","city_name_zh":"\u4fe1\u9633"},{"city_name_en":"Xinzheng","city_name_zh":"\u65b0\u90d1"},{"city_name_en":"Xuchang","city_name_zh":"\u8bb8\u660c"},{"city_name_en":"Yanshi","city_name_zh":"\u5043\u5e08"},{"city_name_en":"Yima","city_name_zh":"\u4e49\u9a6c"},{"city_name_en":"Yongcheng","city_name_zh":"\u6c38\u57ce"},{"city_name_en":"Yuzhou","city_name_zh":"\u79b9\u5dde"},{"city_name_en":"Zhengzhou","city_name_zh":"\u90d1\u5dde"},{"city_name_en":"Zhoukou","city_name_zh":"\u5468\u53e3"},{"city_name_en":"Zhumadian","city_name_zh":"\u9a7b\u9a6c\u5e97"},{"city_name_en":"Location TBD","city_name_zh":"\u5730\u533a\u5f85\u786e\u8ba4"},{"city_name_en":"Jiyuan","city_name_zh":"\u6d4e\u6e90\u793a\u8303\u533a"},{"city_name_en":"To Be Determined","city_name_zh":"\u5f85\u660e\u786e"},{"city_name_en":"Unknown","city_name_zh":"\u672a\u77e5"},{"city_name_en":"Henan","city_name_zh":"\u6cb3\u5357"},{"city_name_en":"To Be Confirmed","city_name_zh":"\u5f85\u786e\u8ba4"}]},{"province_name_zh":"\u6e56\u5317","province_name_en":"Hubei","cities":[{"city_name_en":"Anlu","city_name_zh":"\u5b89\u9646"},{"city_name_en":"Chibi","city_name_zh":"\u8d64\u58c1"},{"city_name_en":"Dangyang","city_name_zh":"\u5f53\u9633"},{"city_name_en":"Danjiangkou","city_name_zh":"\u4e39\u6c5f\u53e3"},{"city_name_en":"Daye","city_name_zh":"\u5927\u51b6"},{"city_name_en":"Enshi","city_name_zh":"\u6069\u65bd"},{"city_name_en":"Ezhou","city_name_zh":"\u9102\u5dde"},{"city_name_en":"Guangshui","city_name_zh":"\u5e7f\u6c34"},{"city_name_en":"Hanchuan","city_name_zh":"\u6c49\u5ddd"},{"city_name_en":"Honghu","city_name_zh":"\u6d2a\u6e56"},{"city_name_en":"Huanggang","city_name_zh":"\u9ec4\u5188"},{"city_name_en":"Huangshi","city_name_zh":"\u9ec4\u77f3"},{"city_name_en":"Jingmen","city_name_zh":"\u8346\u95e8"},{"city_name_en":"Jingzhou","city_name_zh":"\u8346\u5dde"},{"city_name_en":"Laohekou","city_name_zh":"\u8001\u6cb3\u53e3"},{"city_name_en":"Lichuan","city_name_zh":"\u5229\u5ddd"},{"city_name_en":"Macheng","city_name_zh":"\u9ebb\u57ce"},{"city_name_en":"Qianjiang","city_name_zh":"\u6f5c\u6c5f"},{"city_name_en":"Shishou","city_name_zh":"\u77f3\u9996"},{"city_name_en":"Shiyan","city_name_zh":"\u5341\u5830"},{"city_name_en":"Suizhou","city_name_zh":"\u968f\u5dde"},{"city_name_en":"Songzi","city_name_zh":"\u677e\u6ecb"},{"city_name_en":"Tianmen","city_name_zh":"\u5929\u95e8"},{"city_name_en":"Wuhan","city_name_zh":"\u6b66\u6c49"},{"city_name_en":"Wuxue","city_name_zh":"\u6b66\u7a74"},{"city_name_en":"Xiangyang","city_name_zh":"\u8944\u9633"},{"city_name_en":"Xianning","city_name_zh":"\u54b8\u5b81"},{"city_name_en":"Xiantao","city_name_zh":"\u4ed9\u6843"},{"city_name_en":"Xiaogan","city_name_zh":"\u5b5d\u611f"},{"city_name_en":"Yichang","city_name_zh":"\u5b9c\u660c"},{"city_name_en":"Yicheng","city_name_zh":"\u5b9c\u57ce"},{"city_name_en":"Yidu","city_name_zh":"\u5b9c\u90fd"},{"city_name_en":"Yingcheng","city_name_zh":"\u5e94\u57ce"},{"city_name_en":"Zaoyang","city_name_zh":"\u67a3\u9633"},{"city_name_en":"Zhijiang","city_name_zh":"\u679d\u6c5f"},{"city_name_en":"Zhongxiang","city_name_zh":"\u949f\u7965"},{"city_name_en":"Location TBD","city_name_zh":"\u5730\u533a\u5f85\u786e\u8ba4"},{"city_name_en":"Enshi","city_name_zh":"\u6069\u65bd\u5dde"},{"city_name_en":"Shennongjia","city_name_zh":"\u795e\u519c\u67b6"},{"city_name_en":"To Be Determined","city_name_zh":"\u5f85\u660e\u786e"},{"city_name_en":"Unknown","city_name_zh":"\u672a\u77e5"},{"city_name_en":"Hubei","city_name_zh":"\u6e56\u5317"},{"city_name_en":"To Be Confirmed","city_name_zh":"\u5f85\u786e\u8ba4"}]},{"province_name_zh":"\u6e56\u5357","province_name_en":"Hunan","cities":[{"city_name_en":"Changde","city_name_zh":"\u5e38\u5fb7"},{"city_name_en":"Changning","city_name_zh":"\u5e38\u5b81"},{"city_name_en":"Changsha","city_name_zh":"\u957f\u6c99"},{"city_name_en":"Chenzhou","city_name_zh":"\u90f4\u5dde"},{"city_name_en":"Hengyang","city_name_zh":"\u8861\u9633"},{"city_name_en":"Hongjiang","city_name_zh":"\u6d2a\u6c5f"},{"city_name_en":"Huaihua","city_name_zh":"\u6000\u5316"},{"city_name_en":"Jinshi","city_name_zh":"\u6d25"},{"city_name_en":"Jishou","city_name_zh":"\u5409\u9996"},{"city_name_en":"Leiyang","city_name_zh":"\u8012\u9633"},{"city_name_en":"Lengshuijiang","city_name_zh":"\u51b7\u6c34\u6c5f"},{"city_name_en":"Lianyuan","city_name_zh":"\u6d9f\u6e90"},{"city_name_en":"Liling","city_name_zh":"\u91b4\u9675"},{"city_name_en":"Linxiang","city_name_zh":"\u4e34\u6e58"},{"city_name_en":"Liuyang","city_name_zh":"\u6d4f\u9633"},{"city_name_en":"Loudi","city_name_zh":"\u5a04\u5e95"},{"city_name_en":"Miluo","city_name_zh":"\u6c68\u7f57"},{"city_name_en":"Ningxiang","city_name_zh":"\u5b81\u4e61"},{"city_name_en":"Shaoshan","city_name_zh":"\u97f6\u5c71"},{"city_name_en":"Shaoyang","city_name_zh":"\u90b5\u9633"},{"city_name_en":"Wugang","city_name_zh":"\u6b66\u5188"},{"city_name_en":"Xiangtan","city_name_zh":"\u6e58\u6f6d"},{"city_name_en":"Xiangxiang","city_name_zh":"\u6e58\u4e61"},{"city_name_en":"Yiyang","city_name_zh":"\u76ca\u9633"},{"city_name_en":"Yongzhou","city_name_zh":"\u6c38\u5dde"},{"city_name_en":"Yuanjiang","city_name_zh":"\u6c85\u6c5f"},{"city_name_en":"Yueyang","city_name_zh":"\u5cb3\u9633"},{"city_name_en":"Zhangjiajie","city_name_zh":"\u5f20\u5bb6\u754c"},{"city_name_en":"Zhuzhou","city_name_zh":"\u682a\u6d32"},{"city_name_en":"Zixing","city_name_zh":"\u8d44\u5174"},{"city_name_en":"Location TBD","city_name_zh":"\u5730\u533a\u5f85\u786e\u8ba4"},{"city_name_en":"Xiangxi Prefecture","city_name_zh":"\u6e58\u897f\u81ea\u6cbb\u5dde"},{"city_name_en":"To Be Determined","city_name_zh":"\u5f85\u660e\u786e"},{"city_name_en":"Unknown","city_name_zh":"\u672a\u77e5"},{"city_name_en":"Hunan","city_name_zh":"\u6e56\u5357"},{"city_name_en":"Xiangxi Prefecture","city_name_zh":"\u6e58\u897f"},{"city_name_en":"To Be Confirmed","city_name_zh":"\u5f85\u786e\u8ba4"}]},{"province_name_zh":"\u5185\u8499\u53e4","province_name_en":"Inner Mongolia","cities":[{"city_name_en":"Arxan","city_name_zh":"\u963f\u5c14\u5c71"},{"city_name_en":"Baotou","city_name_zh":"\u5305\u5934"},{"city_name_en":"Bayannur","city_name_zh":"\u5df4\u5f66\u6dd6\u5c14"},{"city_name_en":"Chifeng","city_name_zh":"\u8d64\u5cf0"},{"city_name_en":"Erenhot","city_name_zh":"\u4e8c\u8fde\u6d69\u7279"},{"city_name_en":"Ergun","city_name_zh":"\u989d\u5c14\u53e4\u7eb3"},{"city_name_en":"Fengzhen","city_name_zh":"\u4e30\u9547"},{"city_name_en":"Genhe","city_name_zh":"\u6839\u6cb3"},{"city_name_en":"Hohhot","city_name_zh":"\u547c\u548c\u6d69\u7279"},{"city_name_en":"Holingol","city_name_zh":"\u970d\u6797\u90ed\u52d2"},{"city_name_en":"Hulunbuir","city_name_zh":"\u547c\u4f26\u8d1d\u5c14"},{"city_name_en":"Manzhouli","city_name_zh":"\u6ee1\u6d32\u91cc"},{"city_name_en":"Ordos","city_name_zh":"\u9102\u5c14\u591a\u65af"},{"city_name_en":"Tongliao","city_name_zh":"\u901a\u8fbd"},{"city_name_en":"Ulanhot","city_name_zh":"\u4e4c\u5170\u6d69\u7279"},{"city_name_en":"Ulanqab","city_name_zh":"\u4e4c\u5170\u5bdf\u5e03"},{"city_name_en":"Wuhai","city_name_zh":"\u4e4c\u6d77"},{"city_name_en":"Xilinhot","city_name_zh":"\u9521\u6797\u6d69\u7279"},{"city_name_en":"Yakeshi","city_name_zh":"\u7259\u514b\u77f3"},{"city_name_en":"Zhalantun","city_name_zh":"\u624e\u5170\u5c6f"},{"city_name_en":"Location TBD","city_name_zh":"\u5730\u533a\u5f85\u786e\u8ba4"},{"city_name_en":"Xilingol League","city_name_zh":"\u9521\u6797\u90ed\u52d2"},{"city_name_en":"Ulanhot","city_name_zh":"\u5174\u5b89\u76df\u4e4c\u5170\u6d69\u7279"},{"city_name_en":"To Be Determined","city_name_zh":"\u5f85\u660e\u786e"},{"city_name_en":"Unknown","city_name_zh":"\u672a\u77e5"},{"city_name_en":"Inner Mongolia","city_name_zh":"\u5185\u8499\u53e4"},{"city_name_en":"Xing'an","city_name_zh":"\u5174\u5b89"},{"city_name_en":"To Be Confirmed","city_name_zh":"\u5f85\u786e\u8ba4"}]},{"province_name_zh":"\u6c5f\u82cf","province_name_en":"Jiangsu","cities":[{"city_name_en":"Changshu","city_name_zh":"\u5e38\u719f"},{"city_name_en":"Changzhou","city_name_zh":"\u5e38\u5dde"},{"city_name_en":"Danyang","city_name_zh":"\u4e39\u9633"},{"city_name_en":"Dongtai","city_name_zh":"\u4e1c\u53f0"},{"city_name_en":"Gaoyou","city_name_zh":"\u9ad8\u90ae"},{"city_name_en":"Haimen","city_name_zh":"\u6d77\u95e8"},{"city_name_en":"Huai'an","city_name_zh":"\u6dee\u5b89"},{"city_name_en":"Jiangyin","city_name_zh":"\u6c5f\u9634"},{"city_name_en":"Jingjiang","city_name_zh":"\u9756\u6c5f"},{"city_name_en":"Jurong","city_name_zh":"\u53e5\u5bb9"},{"city_name_en":"Liyang","city_name_zh":"\u6ea7\u9633"},{"city_name_en":"Lianyungang","city_name_zh":"\u8fde\u4e91\u6e2f"},{"city_name_en":"Kunshan","city_name_zh":"\u6606\u5c71"},{"city_name_en":"Nanjing","city_name_zh":"\u5357\u4eac"},{"city_name_en":"Nantong","city_name_zh":"\u5357\u901a"},{"city_name_en":"Pizhou","city_name_zh":"\u90b3\u5dde"},{"city_name_en":"Qidong","city_name_zh":"\u542f\u4e1c"},{"city_name_en":"Rugao","city_name_zh":"\u5982\u768b"},{"city_name_en":"Suqian","city_name_zh":"\u5bbf\u8fc1"},{"city_name_en":"Suzhou","city_name_zh":"\u82cf\u5dde"},{"city_name_en":"Taicang","city_name_zh":"\u592a\u4ed3"},{"city_name_en":"Taixing","city_name_zh":"\u6cf0\u5174"},{"city_name_en":"Taizhou","city_name_zh":"\u6cf0\u5dde"},{"city_name_en":"Wuxi","city_name_zh":"\u65e0\u9521"},{"city_name_en":"Xinghua","city_name_zh":"\u5174\u5316"},{"city_name_en":"Xinyi","city_name_zh":"\u65b0\u6c82"},{"city_name_en":"Xuzhou","city_name_zh":"\u5f90\u5dde"},{"city_name_en":"Yancheng","city_name_zh":"\u76d0\u57ce"},{"city_name_en":"Yangzhong","city_name_zh":"\u626c\u4e2d"},{"city_name_en":"Yangzhou","city_name_zh":"\u626c\u5dde"},{"city_name_en":"Yixing","city_name_zh":"\u5b9c\u5174"},{"city_name_en":"Yizheng","city_name_zh":"\u4eea\u5f81"},{"city_name_en":"Zhangjiagang","city_name_zh":"\u5f20\u5bb6\u6e2f"},{"city_name_en":"Zhenjiang","city_name_zh":"\u9547\u6c5f"},{"city_name_en":"Location TBD","city_name_zh":"\u5730\u533a\u5f85\u786e\u8ba4"},{"city_name_en":"To Be Determined","city_name_zh":"\u5f85\u660e\u786e"},{"city_name_en":"Unknown","city_name_zh":"\u672a\u77e5"},{"city_name_en":"Jiangsu","city_name_zh":"\u6c5f\u82cf"},{"city_name_en":"To Be Confirmed","city_name_zh":"\u5f85\u786e\u8ba4"}]},{"province_name_zh":"\u6c5f\u897f","province_name_en":"Jiangxi","cities":[{"city_name_en":"Dexing","city_name_zh":"\u5fb7\u5174"},{"city_name_en":"Fengcheng","city_name_zh":"\u4e30\u57ce"},{"city_name_en":"Fuzhou","city_name_zh":"\u629a\u5dde"},{"city_name_en":"Ganzhou","city_name_zh":"\u8d63\u5dde"},{"city_name_en":"Gao'an","city_name_zh":"\u9ad8\u5b89"},{"city_name_en":"Gongqingcheng","city_name_zh":"\u5171\u9752\u57ce"},{"city_name_en":"Guixi","city_name_zh":"\u8d35\u6eaa"},{"city_name_en":"Ji'an","city_name_zh":"\u5409\u5b89"},{"city_name_en":"Jingdezhen","city_name_zh":"\u666f\u5fb7\u9547"},{"city_name_en":"Jinggangshan","city_name_zh":"\u4e95\u5188\u5c71"},{"city_name_en":"Jiujiang","city_name_zh":"\u4e5d\u6c5f"},{"city_name_en":"Leping","city_name_zh":"\u4e50\u5e73"},{"city_name_en":"Lushan","city_name_zh":"\u5e90\u5c71"},{"city_name_en":"Nanchang","city_name_zh":"\u5357\u660c"},{"city_name_en":"Pingxiang","city_name_zh":"\u840d\u4e61"},{"city_name_en":"Ruichang","city_name_zh":"\u745e\u660c"},{"city_name_en":"Ruijin","city_name_zh":"\u745e\u91d1"},{"city_name_en":"Shangrao","city_name_zh":"\u4e0a\u9976"},{"city_name_en":"Xinyu","city_name_zh":"\u65b0\u4f59"},{"city_name_en":"Yichun","city_name_zh":"\u5b9c\u6625"},{"city_name_en":"Yingtan","city_name_zh":"\u9e70\u6f6d"},{"city_name_en":"Zhangshu","city_name_zh":"\u6a1f\u6811"},{"city_name_en":"Location TBD","city_name_zh":"\u5730\u533a\u5f85\u786e\u8ba4"},{"city_name_en":"To Be Determined","city_name_zh":"\u5f85\u660e\u786e"},{"city_name_en":"Unknown","city_name_zh":"\u672a\u77e5"},{"city_name_en":"Jiangxi","city_name_zh":"\u6c5f\u897f"},{"city_name_en":"To Be Confirmed","city_name_zh":"\u5f85\u786e\u8ba4"}]},{"province_name_zh":"\u5409\u6797","province_name_en":"Jilin","cities":[{"city_name_en":"Baicheng","city_name_zh":"\u767d\u57ce"},{"city_name_en":"Baishan","city_name_zh":"\u767d\u5c71"},{"city_name_en":"Changchun","city_name_zh":"\u957f\u6625"},{"city_name_en":"Da'an","city_name_zh":"\u5927\u5b89"},{"city_name_en":"Dehui","city_name_zh":"\u5fb7\u60e0"},{"city_name_en":"Dunhua","city_name_zh":"\u6566\u5316"},{"city_name_en":"Fuyu","city_name_zh":"\u6276\u4f59"},{"city_name_en":"Gongzhuling","city_name_zh":"\u516c\u4e3b\u5cad"},{"city_name_en":"Helong","city_name_zh":"\u548c\u9f99"},{"city_name_en":"Huadian","city_name_zh":"\u6866\u7538"},{"city_name_en":"Hunchun","city_name_zh":"\u73f2\u6625"},{"city_name_en":"Ji'an","city_name_zh":"\u96c6\u5b89"},{"city_name_en":"Jiaohe","city_name_zh":"\u86df\u6cb3"},{"city_name_en":"Jilin","city_name_zh":"\u5409\u6797"},{"city_name_en":"Liaoyuan","city_name_zh":"\u8fbd\u6e90"},{"city_name_en":"Linjiang","city_name_zh":"\u4e34\u6c5f"},{"city_name_en":"Longjing","city_name_zh":"\u9f99\u4e95"},{"city_name_en":"Meihekou","city_name_zh":"\u6885\u6cb3\u53e3"},{"city_name_en":"Panshi","city_name_zh":"\u78d0\u77f3"},{"city_name_en":"Shuangliao","city_name_zh":"\u53cc\u8fbd"},{"city_name_en":"Shulan","city_name_zh":"\u8212\u5170"},{"city_name_en":"Siping","city_name_zh":"\u56db\u5e73"},{"city_name_en":"Songyuan","city_name_zh":"\u677e\u539f"},{"city_name_en":"Taonan","city_name_zh":"\u6d2e\u5357"},{"city_name_en":"Tonghua","city_name_zh":"\u901a\u5316"},{"city_name_en":"Tumen","city_name_zh":"\u56fe\u4eec"},{"city_name_en":"Yanji","city_name_zh":"\u5ef6\u5409"},{"city_name_en":"Yushu","city_name_zh":"\u6986\u6811"},{"city_name_en":"Location TBD","city_name_zh":"\u5730\u533a\u5f85\u786e\u8ba4"},{"city_name_en":"Yanbian Prefecture","city_name_zh":"\u5ef6\u8fb9"},{"city_name_en":"To Be Determined","city_name_zh":"\u5f85\u660e\u786e"},{"city_name_en":"Unknown","city_name_zh":"\u672a\u77e5"},{"city_name_en":"Jilin City","city_name_zh":"\u5409\u6797\u5e02"},{"city_name_en":"To Be Confirmed","city_name_zh":"\u5f85\u786e\u8ba4"}]},{"province_name_zh":"\u8fbd\u5b81","province_name_en":"Liaoning","cities":[{"city_name_en":"Anshan","city_name_zh":"\u978d\u5c71"},{"city_name_en":"Benxi","city_name_zh":"\u672c\u6eaa"},{"city_name_en":"Beipiao","city_name_zh":"\u5317\u7968"},{"city_name_en":"Beizhen","city_name_zh":"\u5317\u9547"},{"city_name_en":"Chaoyang","city_name_zh":"\u671d\u9633"},{"city_name_en":"Dalian","city_name_zh":"\u5927\u8fde"},{"city_name_en":"Dandong","city_name_zh":"\u4e39\u4e1c"},{"city_name_en":"Dashiqiao","city_name_zh":"\u5927\u77f3\u6865"},{"city_name_en":"Dengta","city_name_zh":"\u706f\u5854"},{"city_name_en":"Diaobingshan","city_name_zh":"\u8c03\u5175\u5c71"},{"city_name_en":"Donggang","city_name_zh":"\u4e1c\u6e2f"},{"city_name_en":"Fengcheng","city_name_zh":"\u51e4\u57ce"},{"city_name_en":"Fushun","city_name_zh":"\u629a\u987a"},{"city_name_en":"Fuxin","city_name_zh":"\u961c\u65b0"},{"city_name_en":"Gaizhou","city_name_zh":"\u76d6\u5dde"},{"city_name_en":"Haicheng","city_name_zh":"\u6d77\u57ce"},{"city_name_en":"Huludao","city_name_zh":"\u846b\u82a6\u5c9b"},{"city_name_en":"Jinzhou","city_name_zh":"\u9526\u5dde"},{"city_name_en":"Kaiyuan","city_name_zh":"\u5f00\u539f"},{"city_name_en":"Liaoyang","city_name_zh":"\u8fbd\u9633"},{"city_name_en":"Linghai","city_name_zh":"\u51cc\u6d77"},{"city_name_en":"Lingyuan","city_name_zh":"\u51cc\u6e90"},{"city_name_en":"Panjin","city_name_zh":"\u76d8\u9526"},{"city_name_en":"Shenyang","city_name_zh":"\u6c88\u9633"},{"city_name_en":"Tieling","city_name_zh":"\u94c1\u5cad"},{"city_name_en":"Wafangdian","city_name_zh":"\u74e6\u623f\u5e97"},{"city_name_en":"Xingcheng","city_name_zh":"\u5174\u57ce"},{"city_name_en":"Xinmin","city_name_zh":"\u65b0\u6c11"},{"city_name_en":"Yingkou","city_name_zh":"\u8425\u53e3"},{"city_name_en":"Zhuanghe","city_name_zh":"\u5e84\u6cb3"},{"city_name_en":"Location TBD","city_name_zh":"\u5730\u533a\u5f85\u786e\u8ba4"},{"city_name_en":"Chaoyang","city_name_zh":"\u671d\u9633\u5e02"},{"city_name_en":"To Be Determined","city_name_zh":"\u5f85\u660e\u786e"},{"city_name_en":"Unknown","city_name_zh":"\u672a\u77e5"},{"city_name_en":"Liaoning","city_name_zh":"\u8fbd\u5b81"},{"city_name_en":"To Be Confirmed","city_name_zh":"\u5f85\u786e\u8ba4"}]},{"province_name_zh":"\u5b81\u590f","province_name_en":"Ningxia","cities":[{"city_name_en":"Guyuan","city_name_zh":"\u56fa\u539f"},{"city_name_en":"Lingwu","city_name_zh":"\u7075\u6b66"},{"city_name_en":"Qingtongxia","city_name_zh":"\u9752\u94dc\u5ce1"},{"city_name_en":"Shizuishan","city_name_zh":"\u77f3\u5634\u5c71"},{"city_name_en":"Wuzhong","city_name_zh":"\u5434\u5fe0"},{"city_name_en":"Yinchuan","city_name_zh":"\u94f6\u5ddd"},{"city_name_en":"Zhongwei","city_name_zh":"\u4e2d\u536b"},{"city_name_en":"Location TBD","city_name_zh":"\u5730\u533a\u5f85\u786e\u8ba4"},{"city_name_en":"Ningdong","city_name_zh":"\u5b81\u4e1c\u7ba1\u59d4\u4f1a"},{"city_name_en":"To Be Determined","city_name_zh":"\u5f85\u660e\u786e"},{"city_name_en":"Unknown","city_name_zh":"\u672a\u77e5"},{"city_name_en":"Ningxia","city_name_zh":"\u5b81\u590f"},{"city_name_en":"To Be Confirmed","city_name_zh":"\u5f85\u786e\u8ba4"}]},{"province_name_zh":"\u9752\u6d77","province_name_en":"Qinghai","cities":[{"city_name_en":"Delingha","city_name_zh":"\u5fb7\u4ee4\u54c8"},{"city_name_en":"Golmud","city_name_zh":"\u683c\u5c14\u6728"},{"city_name_en":"Haidong","city_name_zh":"\u6d77\u4e1c"},{"city_name_en":"Xining","city_name_zh":"\u897f\u5b81"},{"city_name_en":"Yushu","city_name_zh":"\u7389\u6811"},{"city_name_en":"Location TBD","city_name_zh":"\u5730\u533a\u5f85\u786e\u8ba4"},{"city_name_en":"Haibei Prefecture","city_name_zh":"\u6d77\u5317\u5dde"},{"city_name_en":"To Be Determined","city_name_zh":"\u5f85\u660e\u786e"},{"city_name_en":"Unknown","city_name_zh":"\u672a\u77e5"},{"city_name_en":"Qinghai","city_name_zh":"\u9752\u6d77"},{"city_name_en":"Haibei Prefecture","city_name_zh":"\u6d77\u5317"},{"city_name_en":"To Be Confirmed","city_name_zh":"\u5f85\u786e\u8ba4"}]},{"province_name_zh":"\u9655\u897f","province_name_en":"Shaanxi","cities":[{"city_name_en":"Ankang","city_name_zh":"\u5b89\u5eb7"},{"city_name_en":"Baoji","city_name_zh":"\u5b9d\u9e21"},{"city_name_en":"Hancheng","city_name_zh":"\u97e9\u57ce"},{"city_name_en":"Hanzhong","city_name_zh":"\u6c49\u4e2d"},{"city_name_en":"Huayin","city_name_zh":"\u534e\u9634"},{"city_name_en":"Shangluo","city_name_zh":"\u5546\u6d1b"},{"city_name_en":"Shenmu","city_name_zh":"\u795e\u6728"},{"city_name_en":"Tongchuan","city_name_zh":"\u94dc\u5ddd"},{"city_name_en":"Weinan","city_name_zh":"\u6e2d\u5357"},{"city_name_en":"Xi'an","city_name_zh":"\u897f\u5b89"},{"city_name_en":"Xianyang","city_name_zh":"\u54b8\u9633"},{"city_name_en":"Xingping","city_name_zh":"\u5174\u5e73"},{"city_name_en":"Yan'an","city_name_zh":"\u5ef6\u5b89"},{"city_name_en":"Yulin","city_name_zh":"\u6986\u6797"},{"city_name_en":"Location TBD","city_name_zh":"\u5730\u533a\u5f85\u786e\u8ba4"},{"city_name_en":"Yangling Demonstration Zone","city_name_zh":"\u6768\u51cc\u793a\u8303\u533a"},{"city_name_en":"Yangling","city_name_zh":"\u6768\u51cc"},{"city_name_en":"To Be Determined","city_name_zh":"\u5f85\u660e\u786e"},{"city_name_en":"Unknown","city_name_zh":"\u672a\u77e5"},{"city_name_en":"Shaanxi","city_name_zh":"\u9655\u897f"},{"city_name_en":"To Be Confirmed","city_name_zh":"\u5f85\u786e\u8ba4"}]},{"province_name_zh":"\u5c71\u4e1c","province_name_en":"Shandong","cities":[{"city_name_en":"Anqiu","city_name_zh":"\u5b89\u4e18"},{"city_name_en":"Binzhou","city_name_zh":"\u6ee8\u5dde"},{"city_name_en":"Changyi","city_name_zh":"\u660c\u9091"},{"city_name_en":"Dezhou","city_name_zh":"\u5fb7\u5dde"},{"city_name_en":"Dongying","city_name_zh":"\u4e1c\u8425"},{"city_name_en":"Feicheng","city_name_zh":"\u80a5\u57ce"},{"city_name_en":"Gaomi","city_name_zh":"\u9ad8\u5bc6"},{"city_name_en":"Haiyang","city_name_zh":"\u6d77\u9633"},{"city_name_en":"Heze","city_name_zh":"\u83cf\u6cfd"},{"city_name_en":"Jiaozhou","city_name_zh":"\u80f6\u5dde"},{"city_name_en":"Jinan","city_name_zh":"\u6d4e\u5357"},{"city_name_en":"Jining","city_name_zh":"\u6d4e\u5b81"},{"city_name_en":"Laiwu","city_name_zh":"\u83b1\u829c"},{"city_name_en":"Laixi","city_name_zh":"\u83b1\u897f"},{"city_name_en":"Laiyang","city_name_zh":"\u83b1\u9633"},{"city_name_en":"Laizhou","city_name_zh":"\u83b1\u5dde"},{"city_name_en":"Leling","city_name_zh":"\u4e50\u9675"},{"city_name_en":"Liaocheng","city_name_zh":"\u804a\u57ce"},{"city_name_en":"Linqing","city_name_zh":"\u4e34\u6e05"},{"city_name_en":"Linyi","city_name_zh":"\u4e34\u6c82"},{"city_name_en":"Longkou","city_name_zh":"\u9f99\u53e3"},{"city_name_en":"Penglai","city_name_zh":"\u84ec\u83b1"},{"city_name_en":"Pingdu","city_name_zh":"\u5e73\u5ea6"},{"city_name_en":"Qingdao","city_name_zh":"\u9752\u5c9b"},{"city_name_en":"Qingzhou","city_name_zh":"\u9752\u5dde"},{"city_name_en":"Qixia","city_name_zh":"\u6816\u971e"},{"city_name_en":"Qufu","city_name_zh":"\u66f2\u961c"},{"city_name_en":"Rizhao","city_name_zh":"\u65e5\u7167"},{"city_name_en":"Rongcheng","city_name_zh":"\u8363\u6210"},{"city_name_en":"Rushan","city_name_zh":"\u4e73\u5c71"},{"city_name_en":"Shouguang","city_name_zh":"\u5bff\u5149"},{"city_name_en":"Tai'an","city_name_zh":"\u6cf0\u5b89"},{"city_name_en":"Tengzhou","city_name_zh":"\u6ed5\u5dde"},{"city_name_en":"Weifang","city_name_zh":"\u6f4d\u574a"},{"city_name_en":"Weihai","city_name_zh":"\u5a01\u6d77"},{"city_name_en":"Xintai","city_name_zh":"\u65b0\u6cf0"},{"city_name_en":"Yantai","city_name_zh":"\u70df\u53f0"},{"city_name_en":"Yucheng","city_name_zh":"\u79b9\u57ce"},{"city_name_en":"Zaozhuang","city_name_zh":"\u67a3\u5e84"},{"city_name_en":"Zhaoyuan","city_name_zh":"\u62db\u8fdc"},{"city_name_en":"Zhucheng","city_name_zh":"\u8bf8\u57ce"},{"city_name_en":"Zibo","city_name_zh":"\u6dc4\u535a"},{"city_name_en":"Zoucheng","city_name_zh":"\u90b9\u57ce"},{"city_name_en":"Location TBD","city_name_zh":"\u5730\u533a\u5f85\u786e\u8ba4"},{"city_name_en":"To Be Determined","city_name_zh":"\u5f85\u660e\u786e"},{"city_name_en":"Unknown","city_name_zh":"\u672a\u77e5"},{"city_name_en":"Shandong","city_name_zh":"\u5c71\u4e1c"},{"city_name_en":"To Be Confirmed","city_name_zh":"\u5f85\u786e\u8ba4"}]},{"province_name_zh":"\u5c71\u897f","province_name_en":"Shanxi","cities":[{"city_name_en":"Changzhi","city_name_zh":"\u957f\u6cbb"},{"city_name_en":"Datong","city_name_zh":"\u5927\u540c"},{"city_name_en":"Fenyang","city_name_zh":"\u6c7e\u9633"},{"city_name_en":"Gaoping","city_name_zh":"\u9ad8\u5e73"},{"city_name_en":"Gujiao","city_name_zh":"\u53e4\u4ea4"},{"city_name_en":"Hejin","city_name_zh":"\u6cb3\u6d25"},{"city_name_en":"Houma","city_name_zh":"\u4faf\u9a6c"},{"city_name_en":"Huozhou","city_name_zh":"\u970d\u5dde"},{"city_name_en":"Jiexiu","city_name_zh":"\u4ecb\u4f11"},{"city_name_en":"Jincheng","city_name_zh":"\u664b\u57ce"},{"city_name_en":"Jinzhong","city_name_zh":"\u664b\u4e2d"},{"city_name_en":"Linfen","city_name_zh":"\u4e34\u6c7e"},{"city_name_en":"Lucheng","city_name_zh":"\u6f5e\u57ce"},{"city_name_en":"L\u00fcliang","city_name_zh":"\u5415\u6881"},{"city_name_en":"Shuozhou","city_name_zh":"\u6714\u5dde"},{"city_name_en":"Taiyuan","city_name_zh":"\u592a\u539f"},{"city_name_en":"Xiaoyi","city_name_zh":"\u5b5d\u4e49"},{"city_name_en":"Xinzhou","city_name_zh":"\u5ffb\u5dde"},{"city_name_en":"Yangquan","city_name_zh":"\u9633\u6cc9"},{"city_name_en":"Yongji","city_name_zh":"\u6c38\u6d4e"},{"city_name_en":"Yuncheng","city_name_zh":"\u8fd0\u57ce"},{"city_name_en":"Yuanping","city_name_zh":"\u539f\u5e73"},{"city_name_en":"Location TBD","city_name_zh":"\u5730\u533a\u5f85\u786e\u8ba4"},{"city_name_en":"To Be Determined","city_name_zh":"\u5f85\u660e\u786e"},{"city_name_en":"Unknown","city_name_zh":"\u672a\u77e5"},{"city_name_en":"Shanxi","city_name_zh":"\u5c71\u897f"},{"city_name_en":"To Be Confirmed","city_name_zh":"\u5f85\u786e\u8ba4"}]},{"province_name_zh":"\u56db\u5ddd","province_name_en":"Sichuan","cities":[{"city_name_en":"Barkam","city_name_zh":"\u9a6c\u5c14\u5eb7"},{"city_name_en":"Bazhong","city_name_zh":"\u5df4\u4e2d"},{"city_name_en":"Chengdu","city_name_zh":"\u6210\u90fd"},{"city_name_en":"Chongzhou","city_name_zh":"\u5d07\u5dde"},{"city_name_en":"Dazhou","city_name_zh":"\u8fbe\u5dde"},{"city_name_en":"Deyang","city_name_zh":"\u5fb7\u9633"},{"city_name_en":"Dujiangyan","city_name_zh":"\u90fd\u6c5f\u5830"},{"city_name_en":"Emeishan","city_name_zh":"\u5ce8\u7709\u5c71"},{"city_name_en":"Guang'an","city_name_zh":"\u5e7f\u5b89"},{"city_name_en":"Guanghan","city_name_zh":"\u5e7f\u6c49"},{"city_name_en":"Guangyuan","city_name_zh":"\u5e7f\u5143"},{"city_name_en":"Huaying","city_name_zh":"\u534e\u84e5"},{"city_name_en":"Jiangyou","city_name_zh":"\u6c5f\u6cb9"},{"city_name_en":"Jianyang","city_name_zh":"\u7b80\u9633"},{"city_name_en":"Kangding","city_name_zh":"\u5eb7\u5b9a"},{"city_name_en":"Langzhong","city_name_zh":"\u9606\u4e2d"},{"city_name_en":"Leshan","city_name_zh":"\u4e50\u5c71"},{"city_name_en":"Longchang","city_name_zh":"\u9686\u660c"},{"city_name_en":"Luzhou","city_name_zh":"\u6cf8\u5dde"},{"city_name_en":"Mianzhu","city_name_zh":"\u7ef5\u7af9"},{"city_name_en":"Meishan","city_name_zh":"\u7709\u5c71"},{"city_name_en":"Mianyang","city_name_zh":"\u7ef5\u9633"},{"city_name_en":"Nanchong","city_name_zh":"\u5357\u5145"},{"city_name_en":"Neijiang","city_name_zh":"\u5185\u6c5f"},{"city_name_en":"Panzhihua","city_name_zh":"\u6500\u679d\u82b1"},{"city_name_en":"Pengzhou","city_name_zh":"\u5f6d\u5dde"},{"city_name_en":"Qionglai","city_name_zh":"\u909b\u5d03"},{"city_name_en":"Shifang","city_name_zh":"\u4ec0\u90a1"},{"city_name_en":"Suining","city_name_zh":"\u9042\u5b81"},{"city_name_en":"Wanyuan","city_name_zh":"\u4e07\u6e90"},{"city_name_en":"Xichang","city_name_zh":"\u897f\u660c"},{"city_name_en":"Ya'an","city_name_zh":"\u96c5\u5b89"},{"city_name_en":"Yibin","city_name_zh":"\u5b9c\u5bbe"},{"city_name_en":"Zigong","city_name_zh":"\u81ea\u8d21"},{"city_name_en":"Ziyang","city_name_zh":"\u8d44\u9633"},{"city_name_en":"Location TBD","city_name_zh":"\u5730\u533a\u5f85\u786e\u8ba4"},{"city_name_en":"Garz\u00ea","city_name_zh":"\u7518\u5b5c"},{"city_name_en":"Liangshan","city_name_zh":"\u51c9\u5c71"},{"city_name_en":"Ngawa County","city_name_zh":"\u963f\u575d\u5dde"},{"city_name_en":"Ngawa Prefecture","city_name_zh":"\u963f\u575d"},{"city_name_en":"To Be Determined","city_name_zh":"\u5f85\u660e\u786e"},{"city_name_en":"Unknown","city_name_zh":"\u672a\u77e5"},{"city_name_en":"Sichuan","city_name_zh":"\u56db\u5ddd"},{"city_name_en":"To Be Confirmed","city_name_zh":"\u5f85\u786e\u8ba4"}]},{"province_name_zh":"\u897f\u85cf","province_name_en":"Tibet","cities":[{"city_name_en":"Lhasa","city_name_zh":"\u62c9\u8428"},{"city_name_en":"Nagqu","city_name_zh":"\u90a3\u66f2"},{"city_name_en":"Nyingchi","city_name_zh":"\u6797\u829d"},{"city_name_en":"Qamdo","city_name_zh":"\u660c\u90fd"},{"city_name_en":"Shannan","city_name_zh":"\u5c71\u5357"},{"city_name_en":"Xigaz\u00ea","city_name_zh":"\u65e5\u5580\u5219"},{"city_name_en":"Location TBD","city_name_zh":"\u5730\u533a\u5f85\u786e\u8ba4"},{"city_name_en":"To Be Determined","city_name_zh":"\u5f85\u660e\u786e"},{"city_name_en":"Unknown","city_name_zh":"\u672a\u77e5"},{"city_name_en":"Tibet","city_name_zh":"\u897f\u85cf"},{"city_name_en":"To Be Confirmed","city_name_zh":"\u5f85\u786e\u8ba4"}]},{"province_name_zh":"\u65b0\u7586","province_name_en":"Xinjiang","cities":[{"city_name_en":"Aksu","city_name_zh":"\u963f\u514b\u82cf"},{"city_name_en":"Alashankou","city_name_zh":"\u963f\u62c9\u5c71\u53e3"},{"city_name_en":"Altay","city_name_zh":"\u963f\u52d2\u6cf0"},{"city_name_en":"Aral","city_name_zh":"\u963f\u62c9\u5c14"},{"city_name_en":"Artux","city_name_zh":"\u963f\u56fe\u4ec0"},{"city_name_en":"Beitun","city_name_zh":"\u5317\u5c6f"},{"city_name_en":"Bole","city_name_zh":"\u535a\u4e50"},{"city_name_en":"Changji","city_name_zh":"\u660c\u5409"},{"city_name_en":"Fukang","city_name_zh":"\u961c\u5eb7"},{"city_name_en":"Hami","city_name_zh":"\u54c8\u5bc6"},{"city_name_en":"Hotan","city_name_zh":"\u548c\u7530"},{"city_name_en":"Karamay","city_name_zh":"\u514b\u62c9\u739b\u4f9d"},{"city_name_en":"Kashgar","city_name_zh":"\u5580\u4ec0"},{"city_name_en":"Khorgas","city_name_zh":"\u970d\u5c14\u679c\u65af"},{"city_name_en":"Kokdala","city_name_zh":"\u53ef\u514b\u8fbe\u62c9"},{"city_name_en":"Korla","city_name_zh":"\u5e93\u5c14\u52d2"},{"city_name_en":"Kuytun","city_name_zh":"\u594e\u5c6f"},{"city_name_en":"Kunyu","city_name_zh":"\u6606\u7389"},{"city_name_en":"Shihezi","city_name_zh":"\u77f3\u6cb3\u5b50"},{"city_name_en":"Shuanghe","city_name_zh":"\u53cc\u6cb3"},{"city_name_en":"Tacheng","city_name_zh":"\u5854\u57ce"},{"city_name_en":"Tiemenguan","city_name_zh":"\u94c1\u95e8\u5173"},{"city_name_en":"Tumxuk","city_name_zh":"\u56fe\u6728\u8212\u514b"},{"city_name_en":"Turpan","city_name_zh":"\u5410\u9c81\u756a"},{"city_name_en":"\u00dcr\u00fcmqi\u00dcr\u00fcmqi","city_name_zh":"\u4e4c\u9c81\u6728\u9f50"},{"city_name_en":"Wujiaqu","city_name_zh":"\u4e94\u5bb6\u6e20"},{"city_name_en":"Wusu","city_name_zh":"\u4e4c\u82cf"},{"city_name_en":"Yining","city_name_zh":"\u4f0a\u5b81"},{"city_name_en":"Location TBD","city_name_zh":"\u5730\u533a\u5f85\u786e\u8ba4"},{"city_name_en":"Ili Prefecture","city_name_zh":"\u4f0a\u7281\u5dde"},{"city_name_en":"9th Division of Xinjiang Production and Construction Corps","city_name_zh":"\u5175\u56e2\u7b2c\u4e5d\u5e08"},{"city_name_en":"7th Division of Xinjiang Production and Construction Corps","city_name_zh":"\u7b2c\u4e03\u5e08"},{"city_name_en":"8th Division of Xinjiang Production and Construction Corps","city_name_zh":"\u7b2c\u516b\u5e08\u77f3\u6cb3\u5b50"},{"city_name_en":"Changji Prefecture","city_name_zh":"\u660c\u5409\u5dde"},{"city_name_en":"6th Division of Xinjiang Production and Construction Corps","city_name_zh":"\u5175\u56e2\u7b2c\u516d\u5e08\u4e94\u5bb6\u6e20\u5e02"},{"city_name_en":"Bayingolin Prefecture","city_name_zh":"\u5df4\u5dde"},{"city_name_en":"6th Division of Xinjiang Production and Construction Corps","city_name_zh":"\u516d\u5e08\u4e94\u5bb6\u6e20"},{"city_name_en":"To Be Determined","city_name_zh":"\u5f85\u660e\u786e"},{"city_name_en":"Unknown","city_name_zh":"\u672a\u77e5"},{"city_name_en":"Xinjiang","city_name_zh":"\u65b0\u7586"},{"city_name_en":"Ili Prefecture","city_name_zh":"\u4f0a\u7281"},{"city_name_en":"7th Division of Xinjiang Production and Construction Corps","city_name_zh":"\u5175\u56e2\u7b2c\u4e03\u5e08"},{"city_name_en":"8th Division of Xinjiang Production and Construction Corps","city_name_zh":"\u5175\u56e2\u7b2c\u516b\u5e08\u77f3\u6cb3\u5b50"},{"city_name_en":"5th Division of Xinjiang Production and Construction Corps","city_name_zh":"\u5175\u56e2\u7b2c\u4e94\u5e08\u4e94\u5bb6\u6e20"},{"city_name_en":"Bayingolin Prefecture","city_name_zh":"\u5df4\u97f3\u90ed\u695e"},{"city_name_en":"9th Division of Xinjiang Production and Construction Corps","city_name_zh":"\u7b2c\u4e5d\u5e08"},{"city_name_en":"8th Division of Xinjiang Production and Construction Corps","city_name_zh":"\u7b2c\u516b\u5e08"},{"city_name_en":"6th Division of Xinjiang Production and Construction Corps","city_name_zh":"\u7b2c\u516d\u5e08"},{"city_name_en":"To Be Confirmed","city_name_zh":"\u5f85\u786e\u8ba4"},{"city_name_en":"12th Division of Xinjiang Production and Construction Corps","city_name_zh":"\u5175\u56e2\u7b2c\u5341\u4e8c\u5e08"},{"city_name_en":"12th Division of Xinjiang Production and Construction Corps","city_name_zh":"\u7b2c\u5341\u4e8c\u5e08"}]},{"province_name_zh":"\u4e91\u5357","province_name_en":"Yunnan","cities":[{"city_name_en":"Anning","city_name_zh":"\u5b89\u5b81"},{"city_name_en":"Baoshan","city_name_zh":"\u4fdd\u5c71"},{"city_name_en":"Chuxiong","city_name_zh":"\u695a\u96c4"},{"city_name_en":"Dali","city_name_zh":"\u5927\u7406"},{"city_name_en":"Gejiu","city_name_zh":"\u4e2a\u65e7"},{"city_name_en":"Jinghong","city_name_zh":"\u666f\u6d2a"},{"city_name_en":"Kaiyuan","city_name_zh":"\u5f00\u8fdc"},{"city_name_en":"Kunming","city_name_zh":"\u6606\u660e"},{"city_name_en":"Lincang","city_name_zh":"\u4e34\u6ca7"},{"city_name_en":"Lijiang","city_name_zh":"\u4e3d\u6c5f"},{"city_name_en":"Lushui","city_name_zh":"\u6cf8\u6c34"},{"city_name_en":"Mang","city_name_zh":"\u8292"},{"city_name_en":"Mengzi","city_name_zh":"\u8499\u81ea"},{"city_name_en":"Mile","city_name_zh":"\u5f25\u52d2"},{"city_name_en":"Pu'er","city_name_zh":"\u666e\u6d31"},{"city_name_en":"Qujing","city_name_zh":"\u66f2\u9756"},{"city_name_en":"Ruili","city_name_zh":"\u745e\u4e3d"},{"city_name_en":"Shangri-La","city_name_zh":"\u9999\u683c\u91cc\u62c9"},{"city_name_en":"Tengchong","city_name_zh":"\u817e\u51b2"},{"city_name_en":"Wenshan","city_name_zh":"\u6587\u5c71"},{"city_name_en":"Xuanwei","city_name_zh":"\u5ba3\u5a01"},{"city_name_en":"Yuxi","city_name_zh":"\u7389\u6eaa"},{"city_name_en":"Zhaotong","city_name_zh":"\u662d\u901a"},{"city_name_en":"Location TBD","city_name_zh":"\u5730\u533a\u5f85\u786e\u8ba4"},{"city_name_en":"Xishuangbanna","city_name_zh":"\u897f\u53cc\u7248\u7eb3\u5dde"},{"city_name_en":"Zhaotong","city_name_zh":"\u662d\u901a\u5e02"},{"city_name_en":"Baoshan","city_name_zh":"\u4fdd\u5c71\u5e02"},{"city_name_en":"Lijiang","city_name_zh":"\u4e3d\u6c5f\u5e02"},{"city_name_en":"Honghe Prefecture","city_name_zh":"\u7ea2\u6cb3"},{"city_name_en":"Dehong Prefecture","city_name_zh":"\u5fb7\u5b8f\u5dde"},{"city_name_en":"Chuxiong Prefecture","city_name_zh":"\u695a\u96c4\u5dde"},{"city_name_en":"Wenshan Prefecture","city_name_zh":"\u6587\u5c71\u5dde"},{"city_name_en":"To Be Determined","city_name_zh":"\u5f85\u660e\u786e"},{"city_name_en":"Unknown","city_name_zh":"\u672a\u77e5"},{"city_name_en":"Yunnan","city_name_zh":"\u4e91\u5357"},{"city_name_en":"Xishuangbanna","city_name_zh":"\u897f\u53cc\u7248\u7eb3"},{"city_name_en":"Dehong Prefecture","city_name_zh":"\u5fb7\u5b8f"},{"city_name_en":"To Be Confirmed","city_name_zh":"\u5f85\u786e\u8ba4"}]},{"province_name_zh":"\u6d59\u6c5f","province_name_en":"Zhejiang","cities":[{"city_name_en":"Cixi","city_name_zh":"\u6148\u6eaa"},{"city_name_en":"Dongyang","city_name_zh":"\u4e1c\u9633"},{"city_name_en":"Haining","city_name_zh":"\u6d77\u5b81"},{"city_name_en":"Hangzhou","city_name_zh":"\u676d\u5dde"},{"city_name_en":"Huzhou","city_name_zh":"\u6e56\u5dde"},{"city_name_en":"Jiande","city_name_zh":"\u5efa\u5fb7"},{"city_name_en":"Jiangshan","city_name_zh":"\u6c5f\u5c71"},{"city_name_en":"Jiaxing","city_name_zh":"\u5609\u5174"},{"city_name_en":"Jinhua","city_name_zh":"\u91d1\u534e"},{"city_name_en":"Lanxi","city_name_zh":"\u5170\u6eaa"},{"city_name_en":"Linhai","city_name_zh":"\u4e34\u6d77"},{"city_name_en":"Lishui","city_name_zh":"\u4e3d\u6c34"},{"city_name_en":"Longquan","city_name_zh":"\u9f99\u6cc9"},{"city_name_en":"Ningbo","city_name_zh":"\u5b81\u6ce2"},{"city_name_en":"Pinghu","city_name_zh":"\u5e73\u6e56"},{"city_name_en":"Quzhou","city_name_zh":"\u8862\u5dde"},{"city_name_en":"Ruian","city_name_zh":"\u745e\u5b89"},{"city_name_en":"Shaoxing","city_name_zh":"\u7ecd\u5174"},{"city_name_en":"Shengzhou","city_name_zh":"\u5d4a\u5dde"},{"city_name_en":"Taizhou","city_name_zh":"\u53f0\u5dde"},{"city_name_en":"Tongxiang","city_name_zh":"\u6850\u4e61"},{"city_name_en":"Wenling","city_name_zh":"\u6e29\u5cad"},{"city_name_en":"Wenzhou","city_name_zh":"\u6e29\u5dde"},{"city_name_en":"Yiwu","city_name_zh":"\u4e49\u4e4c"},{"city_name_en":"Yongkang","city_name_zh":"\u6c38\u5eb7"},{"city_name_en":"Yueqing","city_name_zh":"\u4e50\u6e05"},{"city_name_en":"Yuhuan","city_name_zh":"\u7389\u73af"},{"city_name_en":"Yuyao","city_name_zh":"\u4f59\u59da"},{"city_name_en":"Zhoushan","city_name_zh":"\u821f\u5c71"},{"city_name_en":"Zhuji","city_name_zh":"\u8bf8\u66a8"},{"city_name_en":"Location TBD","city_name_zh":"\u5730\u533a\u5f85\u786e\u8ba4"},{"city_name_en":"To Be Determined","city_name_zh":"\u5f85\u660e\u786e"},{"city_name_en":"Unknown","city_name_zh":"\u672a\u77e5"},{"city_name_en":"Zhejiang","city_name_zh":"\u6d59\u6c5f"},{"city_name_en":"To Be Confirmed","city_name_zh":"\u5f85\u786e\u8ba4"},{"city_name_en":"Zhejiang","city_name_zh":"\u6d59\u6c5f"}]},{"province_name_zh":"\u53f0\u6e7e","province_name_en":"Taiwan","cities":[{"city_name_en":"Location TBD","city_name_zh":"\u5730\u533a\u5f85\u786e\u8ba4"},{"city_name_en":"To Be Determined","city_name_zh":"\u5f85\u660e\u786e"},{"city_name_en":"Unknown","city_name_zh":"\u672a\u77e5"},{"city_name_en":"Taiwan","city_name_zh":"\u53f0\u6e7e"},{"city_name_en":"To Be Confirmed","city_name_zh":"\u5f85\u786e\u8ba4"}]}]